-- MySQL dump 10.13  Distrib 8.0.19, for Win64 (x86_64)
--
-- Host: localhost    Database: newswebsite
-- ------------------------------------------------------
-- Server version	5.5.5-10.4.32-MariaDB

/*!40101 SET @OLD_CHARACTER_SET_CLIENT=@@CHARACTER_SET_CLIENT */;
/*!40101 SET @OLD_CHARACTER_SET_RESULTS=@@CHARACTER_SET_RESULTS */;
/*!40101 SET @OLD_COLLATION_CONNECTION=@@COLLATION_CONNECTION */;
/*!50503 SET NAMES utf8mb4 */;
/*!40103 SET @OLD_TIME_ZONE=@@TIME_ZONE */;
/*!40103 SET TIME_ZONE='+00:00' */;
/*!40014 SET @OLD_UNIQUE_CHECKS=@@UNIQUE_CHECKS, UNIQUE_CHECKS=0 */;
/*!40014 SET @OLD_FOREIGN_KEY_CHECKS=@@FOREIGN_KEY_CHECKS, FOREIGN_KEY_CHECKS=0 */;
/*!40101 SET @OLD_SQL_MODE=@@SQL_MODE, SQL_MODE='NO_AUTO_VALUE_ON_ZERO' */;
/*!40111 SET @OLD_SQL_NOTES=@@SQL_NOTES, SQL_NOTES=0 */;

--
-- Table structure for table `ads`
--

DROP TABLE IF EXISTS `ads`;
/*!40101 SET @saved_cs_client     = @@character_set_client */;
/*!50503 SET character_set_client = utf8mb4 */;
CREATE TABLE `ads` (
  `id` int(11) NOT NULL AUTO_INCREMENT,
  `ad_image_path` varchar(255) NOT NULL,
  PRIMARY KEY (`id`)
) ENGINE=InnoDB AUTO_INCREMENT=11 DEFAULT CHARSET=utf8mb4 COLLATE=utf8mb4_general_ci;
/*!40101 SET character_set_client = @saved_cs_client */;

--
-- Dumping data for table `ads`
--

LOCK TABLES `ads` WRITE;
/*!40000 ALTER TABLE `ads` DISABLE KEYS */;
INSERT INTO `ads` VALUES (1,'images/ad1.jpg'),(2,'images/ad2.jpg'),(3,'images/ad3.jpg'),(4,'images/ad4.jpg'),(5,'images/ad5.jpg');
/*!40000 ALTER TABLE `ads` ENABLE KEYS */;
UNLOCK TABLES;

--
-- Table structure for table `categories`
--

DROP TABLE IF EXISTS `categories`;
/*!40101 SET @saved_cs_client     = @@character_set_client */;
/*!50503 SET character_set_client = utf8mb4 */;
CREATE TABLE `categories` (
  `id` int(11) NOT NULL AUTO_INCREMENT,
  `name` varchar(100) NOT NULL,
  `description` text DEFAULT NULL,
  PRIMARY KEY (`id`)
) ENGINE=InnoDB AUTO_INCREMENT=5 DEFAULT CHARSET=utf8mb4 COLLATE=utf8mb4_general_ci;
/*!40101 SET character_set_client = @saved_cs_client */;

--
-- Dumping data for table `categories`
--

LOCK TABLES `categories` WRITE;
/*!40000 ALTER TABLE `categories` DISABLE KEYS */;
INSERT INTO `categories` VALUES (1,'سياسة',NULL),(2,'صحة',NULL),(3,'اقتصاد',NULL),(4,'رياضة',NULL);
/*!40000 ALTER TABLE `categories` ENABLE KEYS */;
UNLOCK TABLES;

--
-- Table structure for table `comments`
--

DROP TABLE IF EXISTS `comments`;
/*!40101 SET @saved_cs_client     = @@character_set_client */;
/*!50503 SET character_set_client = utf8mb4 */;
CREATE TABLE `comments` (
  `id` int(11) NOT NULL AUTO_INCREMENT,
  `news_id` int(11) NOT NULL,
  `user_name` varchar(255) NOT NULL,
  `comment_text` text NOT NULL,
  `date_posted` timestamp NOT NULL DEFAULT current_timestamp(),
  PRIMARY KEY (`id`),
  KEY `fk_news_id` (`news_id`),
  CONSTRAINT `fk_news_id` FOREIGN KEY (`news_id`) REFERENCES `news` (`id`) ON DELETE CASCADE
) ENGINE=InnoDB AUTO_INCREMENT=29 DEFAULT CHARSET=utf8mb4 COLLATE=utf8mb4_general_ci;
/*!40101 SET character_set_client = @saved_cs_client */;

--
-- Dumping data for table `comments`
--

LOCK TABLES `comments` WRITE;
/*!40000 ALTER TABLE `comments` DISABLE KEYS */;
INSERT INTO `comments` VALUES (3,48,'باسل','منيح !','2025-05-17 08:04:25'),(4,48,'محمد','رائع !','2025-05-17 08:50:13'),(5,48,'خالد','ممتاز !','2025-05-17 08:50:33'),(6,48,'مراد','كويس !','2025-05-17 09:46:25'),(7,48,'اسيد','رائع !','2025-05-17 09:47:10'),(8,48,'غير معروف','ممتاز !','2025-05-17 09:50:12'),(9,66,'باسل','مرحبا !','2025-05-17 10:16:46'),(10,48,'غير معروف','رائع !','2025-05-17 10:45:11'),(11,54,'باسل','جميل :)','2025-05-17 10:48:44'),(12,72,'غير معروف','هلا !','2025-05-17 11:42:38'),(13,72,'باسل','منيح !','2025-05-17 11:43:23'),(14,72,'محمد','كويس !','2025-05-17 11:44:34'),(15,72,'محمد','كويس !','2025-05-17 11:53:57'),(16,72,'احمد','طيب !','2025-05-17 11:54:22'),(17,69,'غير معروف','تمام !','2025-05-17 13:24:41'),(18,69,'احمد','الف الف !','2025-05-17 13:25:46'),(19,65,'اسيد','مفيد !','2025-05-17 13:27:27'),(21,75,'باسل','ممتار !','2025-05-19 07:15:29'),(22,65,'غير معروف','مفيد :)','2025-05-19 07:24:14'),(23,65,'غير معروف','رائع !','2025-05-19 07:24:31'),(24,72,'غير معروف','جيد !','2025-05-19 07:39:35'),(25,72,'غير معروف','جيد !','2025-05-19 07:39:39'),(26,72,'علي !','ممتاز !','2025-05-19 07:39:49'),(27,48,'علي','رائع !','2025-05-19 07:40:12'),(28,48,'خالد','رائع !','2025-05-19 07:40:22');
/*!40000 ALTER TABLE `comments` ENABLE KEYS */;
UNLOCK TABLES;

--
-- Table structure for table `last_insert_news_id`
--

DROP TABLE IF EXISTS `last_insert_news_id`;
/*!40101 SET @saved_cs_client     = @@character_set_client */;
/*!50503 SET character_set_client = utf8mb4 */;
CREATE TABLE `last_insert_news_id` (
  `id` int(11) DEFAULT NULL
) ENGINE=InnoDB DEFAULT CHARSET=utf8mb4 COLLATE=utf8mb4_general_ci;
/*!40101 SET character_set_client = @saved_cs_client */;

--
-- Dumping data for table `last_insert_news_id`
--

LOCK TABLES `last_insert_news_id` WRITE;
/*!40000 ALTER TABLE `last_insert_news_id` DISABLE KEYS */;
INSERT INTO `last_insert_news_id` VALUES (75);
/*!40000 ALTER TABLE `last_insert_news_id` ENABLE KEYS */;
UNLOCK TABLES;

--
-- Table structure for table `news`
--

DROP TABLE IF EXISTS `news`;
/*!40101 SET @saved_cs_client     = @@character_set_client */;
/*!50503 SET character_set_client = utf8mb4 */;
CREATE TABLE `news` (
  `id` int(11) NOT NULL AUTO_INCREMENT,
  `title` varchar(255) NOT NULL,
  `body` text NOT NULL,
  `image` varchar(255) DEFAULT NULL,
  `dateposted` datetime NOT NULL DEFAULT current_timestamp(),
  `category_id` int(11) DEFAULT NULL,
  `author_id` int(11) DEFAULT NULL,
  `status` tinyint(1) DEFAULT 0,
  `readers_count` int(11) DEFAULT 0,
  PRIMARY KEY (`id`),
  KEY `category_id` (`category_id`),
  KEY `author_id` (`author_id`),
  CONSTRAINT `news_ibfk_1` FOREIGN KEY (`category_id`) REFERENCES `categories` (`id`) ON UPDATE CASCADE,
  CONSTRAINT `news_ibfk_2` FOREIGN KEY (`author_id`) REFERENCES `users` (`id`) ON DELETE SET NULL ON UPDATE CASCADE,
  CONSTRAINT `CONSTRAINT_1` CHECK (`status` in (0,1))
) ENGINE=InnoDB AUTO_INCREMENT=76 DEFAULT CHARSET=utf8mb4 COLLATE=utf8mb4_general_ci;
/*!40101 SET character_set_client = @saved_cs_client */;

--
-- Dumping data for table `news`
--

LOCK TABLES `news` WRITE;
/*!40000 ALTER TABLE `news` DISABLE KEYS */;
INSERT INTO `news` VALUES (44,'مدرب البرازيل.. المفاوضات مع أنشيلوتي \"معقدة\" وهذا هو البديل','تنتظر جماهير البرازيل تعيين مدير فني جديد لمنتخب بلادها هذا الشهر، قبل مباراتي الفريق المقبلتين بتصفيات كأس العالم 2026، لكن صبرها بدأ ينفد مع استمرار المفاوضات مع كارلو أنشيلوتي مدرب ريال مدريد الإسباني.\r\n\r\nوأكد مصدران في الاتحاد البرازيلي لكرة القدم لوكالة أنباء \"أسوشيتد برس\" رفضا الكشف عن هويتهما، أن المفاوضات مع أنشيلوتي جارية، لكنها معقدة بسبب بقاء موسم آخر في عقده مع الريال.\r\n\r\nوصرح أحدهما أن المحادثات يقودها من الجانب البرازيلي كل من رئيس اتحاد كرة القدم إدنالدو رودريغيز، ومدير المنتخب الوطني رودريغو كايتانو.\r\n\r\nوأضاف المصدر: \"أنهما يبقيان المفاوضات طي الكتمان. من الواضح أنهما لم يتمكنا من التوصل لاتفاق مع أي شخص حتى الآن\".\r\n\r\nوأوضح أن الاتحاد \"ليس في عجلة من أمره\"، مقرا أن البرازيل تأمل في تقديم مدرب جديد قبل 20 مايو الجاري، حين تعلن عن تشكيلة الفريق لمباراتيه المقبلتين بتصفيات المونديال في يونيو المقبل.\r\n\r\nولا يزال المنتخب البرازيلي بلا مدرب منذ إقالة دوريفال جونيور في 28 مارس الماضي، بعد 3 أيام من خسارة الفريق القاسية 1-4 أمام غريمه التقليدي منتخب الأرجنتين في بوينس أيرس \r\nوتزايدت التكهنات حول رحيل أنشيلوتي عن ريال مدريد واحتمال انتقاله للبرازيل في ظل تراجع نتائج العملاق الإسباني خلال الموسم الحالي.\r\n\r\nورفضت إدارة ريال مدريد التعليق بشأن مستقبل أنشيلوتي، حيث اكتفت بالإشارة إلى أن عقده مع النادي يمتد حتى نهاية الموسم المقبل.\r\n\r\nوتجنب المدرب الإيطالي صاحب الـ65 عاما، التساؤلات حول مستقبله مع منتخب البرازيل، مؤكدا أنه سيبقى مع ريال مدريد طالما أراد فلورنتينو بيريز، رئيس النادي، بقاءه.\r\n\r\nفي غضون ذلك، يتزايد الضغط في البرازيل على اتحاد كرة القدم هناك للتعاقد مع مدرب قادر على إعادة الاتزان لأبطال كأس العالم 5 مرات، بعد سلسلة من النتائج والمستويات المتواضعة.\r\n\r\nولم تصل البرازيل للمباراة النهائية في كأس العالم منذ فوزها بلقبها الأخير في المونديال عام 2002، علما أن آخر لقب دولي في منافسات الرجال للبلاد هو الميدالية الذهبية في أولمبياد طوكيو 2020، التي أقيمت عام 2021 بسبب جائحة كورونا.\r\n\r\nوتحتل البرازيل حاليا المركز الرابع بجدول ترتيب تصفيات أميركا الجنوبية المؤهلة لمونديال 2026، بفارق 10 نقاط خلف منتخب الأرجنتين.\r\nوأفادت وسائل إعلام برازيلية أن المدرب البرتغالي جورجي جيسوس، الذي يتولى قيادة فريق الهلال السعودي حاليا، يعتبر بديلا في حال فشل الاتفاق مع أنشيلوتي.\r\n\r\nفي المقابل، يفضل البعض رؤية مدرب برازيلي يقود الفريق، حيث قال كافو، بطل العالم مع البرازيل عامي 1994 و2002، لشبكة (إس بي تي) البرازيلية، يوم الاثنين الماضي: \"يجب أن نترك الأمر لأحد مدربينا. كنت لأترك دوريفال في منصبه\".\r\n\r\nولا يزال من غير الواضح ما إذا كان أنشيلوتي أو مدرب آخر سيتولى المهمة في الوقت المناسب لاختيار قائمة منتخب البرازيل لمباراتي الفريق ضد مضيفه الإكوادور وضيفه باراغواي أوائل الشهر المقبل.\r\n\r\nومن المقرر أن يخوض ريال مدريد مباراته الأخيرة بالدوري الإسباني في 25 مايو الجاري، قبل أن يشارك الفريق الملكي في كأس العالم للأندية بالولايات المتحدة، التي تنطلق منتصف الشهر المقبل.','images/img44.webp','2025-05-02 11:07:10',4,2,1,6),(45,'يوروبا ليغ.. تألق \"غير متوقع\" من \"الشياطين\" وتوتنهام','تألق \"غير معهود\" قدمه فريقا توتنهام هوتسبر ومانشستر يونايتد في بطولة يوروبا ليغ، مساء الخميس، ليقتربا من نهائي البطولة الأوروبية.\r\n\r\nوحقق مانشستر يونايتد انتصارا عريضا، في ملعب أتلتيك بلباو الإسباني، بنتيجة 3-0، في ذهاب نصف نهائي يوروبا ليغ.\r\n\r\nومثلت النتيجة مفاجأة كبيرة، خاصة وأن بلباو يعتبر المرشح الأول لتحقيق اللقب، عطفا على تألقه في الدوري الإسباني وفي يوروبا ليغ.\r\nكما حقق توتنهام انتصارا بنتيجة 3-1، على نادي بودو غليمت النرويجي، في نصف النهائي الآخر.\r\n\r\nوهذه النتائج تقرب مانشستر يونايتد وتوتنهام، من خوض نهائي إنجليزي-إنجليزي في بطولة يوروبا ليغ هذا الموسم.\r\n\r\nيذكر أن \"الشياطين الحمر\" وتوتناهم يقعون في المركزين 14 و16 في ترتيب الدوري الإنجليزي الممتاز، ويعاني كلاهما من نتائج \"كارثية\" محليا.','images/img45.webp','2025-05-02 11:08:56',4,2,1,0),(46,'قمة دوري الأبطال.. الإنتر يحقق تعادلا ثمينا في برشلونة','عاد إنتر ميلانو الإيطالي، بتعادل ثمين، من أرض برشلونة، في ذهاب نصف نهائي دوري أبطال أوروبا، مساء الأربعاء.\r\n\r\nوانتهى لقاء القمة بنتيجة 3-3، في مباراة مثيرة جدا، عاد فيها برشلونة بالنتيجة بعد أن تأخر 0-2.\r\n\r\nوسجل لإنتر ميلانو، الفرنسي ماركوس تورام في الدقيقة الأولى، وأضاف الهولندي دينزل دامفريس، الهدف الثاني.\r\n\r\nوعاد برشلونة بهدف رائع من لامين يامال، قبل أن يعدل فيران توريس النتيجة بنهاية الشوط الأول.\r\n\r\nوفي الشوط الثاني، أضاف دامفريس الهدف الثالث، ليعدل بعدها البرازيلي رافينيا النتيجة لتصبح 3-3.\r\n\r\nوسيلتقي الفريقان بعد أقل من أسبوع، في ميلانو، في لقاء الإياب.','images/img46.webp','2025-05-02 11:09:59',4,2,1,0),(47,'أول مصري ينضم إلى قائمة لاعبي دوري كرة القدم الأميركية','أعلنت رابطة دوري كرة القدم الأميركية أن أحمد حسنين، لاعب فريق جامعة بويزي ستيت، سيكون أول لاعب مصري يتم ضمه إلى دوري كرة القدم الأميركية حيث سيلعب لفريق ديترويت ليونز.\r\nوذكرت الرابطة، يوم الأربعاء، في بيان رسمي حصلت وكالة الأنباء الألمانية على نسخة منه أن أحمد حسنين لعب العامين الماضيين في فريق الجامعة الخاصة بـ(بويزي ستيت) حيث أثبت مهاراته من خلال تحقيق 101 تدخل و33 تدخلا خلف الهجوم و22 إسقاطا ناجحا للاعبي الوسط .\r\n\r\nوأضافت أن أحمد حسنين هو اللاعب الوحيد في دوري الدرجة الأدنى لمنافسات كرة القدم الأميركية) الذي تجاوز 15 تدخلا خلفيا في موسمين متتاليين حيث حصل على لقب الفريق الأول في مؤتمر ماونتن ويست لعامي 2023 و2024، كما كان من بين المرشحين النهائيين لجائزة رجل العام في الكلية التي تحمل اسم النجم جيسون ويتن. \r\nوأوضحت أن الحدث الاستثنائي للاعب مصري يأتي تزامنا مع استضافة مصر لأول مرة لبطولة أفريقيا القارية التابعة للاتحاد الدولي لكرة القدم الأميركية، حيث تستضيف القاهرة في الفترة من 21 إلى 22 حزيران منتخبات الرجال والسيدات في رياضة كرة القدم الأميركية العلم من مختلف دول القارة.\r\n\r\nوفي أول تصريح له عقب اختياره قال حسنين :\"مستعد للتعلم والتطور لمساعدة الفريق بكل ما أستطيع لأنهم منوا بقدراتي وهذا يعني لي الكثير ، كما سأبذل كل ما في وسعي في الملعب وسأعمل على أداء دوري بإخلاص\".','images/img47.webp','2025-05-02 11:11:07',4,2,1,1),(48,'أبطال أوروبا.. باريس يهزم أرسنال ويقطع شوطا نحو النهائي','قطع باريس سان جرمان شوطا نحو الوصول لنهائي دوري أبطال أوروبا، بتحقيقه فوزا مهما على أرسنال، في لندن، مساء الثلاثاء، ضمن نصف نهائي البطولة.\r\nوسجل الفرنسي عثمان دمبيلي هدف اللقاء الوحيد في الدقيقة 4، وحافظ باريس على النتيجة لينتصر 1-0.\r\n\r\nوفشلت محاولات أرسنال في العودة للقاء، وبدا عاجزا من الناحية الهجومية.\r\n\r\nوسيلتقي الفريقان مرة أخرى في باريس، بعد 7 أيام، في قمة ستحدد طرف النهائي المرتقب للبطولة الأغلى.','images/img48.webp','2025-05-02 11:11:58',4,2,1,12),(49,'دراسة: النظام الغذائي منخفض الكربوهيدرات مفيد لمرضى السكري.','قد لا يتطلب الأمر اتباع نظام غذائي صارم كما يُعتقد للحفاظ على مرض السكري من النوع الأول تحت السيطرة وفق دراسة سويدية جديدة.\r\n\r\nووفق الدراسة التي أجراها باحثون في جامعة غوتنبرغ السويدية، فإن اتباع نظام غذائي معتدل منخفض الكربوهيدرات، يساعد المصابين بداء السكري من النوع الأول، في المحافظة على معدلات متوازنة للسكر في الدم.\r\n\r\nوفي مرض السكري من النوع الأول، يقوم البنكرياس بإنتاج القليل من الأنسولين أو لا ينتجه على الإطلاق لمساعدة السكر في الدم على دخول الخلايا لاستخدامه كطاقة.\r\n\r\nوبدون الأنسولين، يتراكم السكر في الدم، ويمكن أن يسبب تلفا خطيرا في الأعضاء.\r\n\r\nوخلال الدراسة، اختار الباحثون 25 رجلا و25 امرأة مصابين بداء السكري من النوع الأول، وطلب منهم تناول نظام غذائي يحتوي على 50 في المئة من الطاقة من الكربوهيدرات، أو نظام غذائي معتدل منخفض الكربوهيدرات مع 30 في المئة من الطاقة من الكربوهيدرات.\r\nوكان جميع المشاركين في الدراسة يعانون من ارتفاع مستويات السكر في الدم، وأخذوا جرعات أنسولين.\r\n\r\nوتم استخدام جهاز مراقبة مستمرة لسكر الدم لتسجيل مستوياته في الدم كل 15 دقيقة على الأقل على مدار 16 أسبوعا.\r\n\r\nوتضمن كلا النظامين الغذائيين على مستويات صحية من الكربوهيدرات الغنية بالألياف، بالإضافة إلى الخضار، والدهون غير المشبعة، والمكسرات، والبذور، والبقوليات.\r\n\r\nووجد الباحثون أن مستويات السكر في الدم كانت ضمن النطاق المستهدف لفترة أطول (68 دقيقة يوميا في المتوسط) بالنسبة لأولئك الذين يتبعون نظاما غذائيا معتدلا منخفض الكربوهيدرات مقارنة بالنظام الغذائي التقليدي عالي الكربوهيدرات.\r\n\r\nوفي الوقت نفسه، انخفض الوقت الذي يستغرقه ارتفاع مستويات السكر في الدم بمقدار 85 دقيقة في اليوم.\r\n\r\nووجدت الدراسة التي نشرت نتائجها في مجلة \"لانسيت\" الطبية أن أحد أشكال الأحماض التي تسمى \"الكيتونات\" ظل عند مستويات معقولة، مما يقلل المخاوف من أنها يمكن أن تصبح مرتفعة للغاية عندما يتم تخفيض الكربوهيدرات في مرض السكري من النوع الأول.\r\nوتعليقا على الدراسة قالت المؤلفة الرئيسية وأخصائية التغذية صوفيا ستيرنر إيزاكسون: \"تظهر الدراسة أن اتباع نظام غذائي معتدل منخفض الكربوهيدرات يخفض متوسط مستوى السكر في الدم، وهو ما يعتبر مفيدا في تقليل خطر تلف الأعضاء للأشخاص المصابين بداء السكري من النوع الأول\"، حسبما نقل موقع \"ميديكال إكسبريس\" الطبي.\r\n\r\nونصحت إيزاكسون بأنه \"من المهم أن يكون النظام الغذائي صحيا، مع التركيز بشكل خاص على جودة الدهون والكربوهيدرات، وألا تكون كمية الكربوهيدرات منخفضة جدا\".','images/img49.webp','2025-05-02 13:28:01',2,2,1,0),(50,'قواعد جديدة للأغذية المعلبة في أميركا.. متى تعتبر \"صحية\"؟','اعتمدت إدارة الغذاء والدواء الأميركية يوم الخميس تغييرات جديدة والتي بموجبها سيتعين على الأطعمة المعلبة في الولايات المتحدة اتباع قواعد جديدة حتى تطلق على نفسها \"صحية\".\r\n\r\nويعد هذا تحديثا للتعريف الذي وضعته الوكالة قبل 30 عاما.\r\n\r\nويهدف هذا التغيير إلى مساعدة الأميركيين في فهم ملصقات الطعام في متاجر البقالة واتخاذ قرارات تتماشى مع الإرشادات الغذائية الاتحادية، على أمل تقليل معدلات الأمراض المزمنة المرتبطة بالنظام الغذائي، وفقا لما ذكرته إدارة الغذاء والدواء.\r\n\r\nوبحسب القواعد الجديدة، يجب أن تحتوي المنتجات التي تدعي أنها \"صحية\" على كمية معينة من الطعام من مجموعة أو أكثر من المجموعات الغذائية مثل الفاكهة والخضروات والحبوب والألبان والبروتين.\r\n\r\nولأول مرة، تحدد القاعدة حدودا معينة للسكريات المضافة.\r\nكما يجب أيضا الحد من الصوديوم والدهون المشبعة، وفقا لما ذكرته الإدارة.\r\n\r\nوتمنع هذه التغييرات أطعمة مثل الحبوب السكرية، والزبادي المحلى بشدة، والخبز الأبيض، وبعض ألواح الغرانولا من وضع كلمة \"صحي\" على ملصقها، في حين تسمح للأطعمة مثل الأفوكادو، وزيت الزيتون، والسلمون، والبيض، وبعض خليط المكسرات باستخدامه.\r\n\r\nووفق الوكالة فإن المياه أيضا يمكن الآن تصنيفها على أنها \"صحية\" أو غير ذلك.','images/img50.webp','2025-05-02 13:29:45',2,2,1,1),(51,'هل التمارين الصباحية مفيدة لخسارة الوزن؟','كشفت دراسة جديدة أن الوقت الذي يختاره الشخص لممارسة التمارين الرياضية قد يكون له تأثير على فقدان الوزن.\r\n\r\nوظل النقاش حول أفضل وقت في اليوم لممارسة التمارين الرياضية محط جدال منذ سنوات، حيث كانت الأبحاث والدراسات متضاربة.\r\n\r\nهل التمارين الصباحية مفيدة لخسارة الوزن؟\r\n\r\nوفق شبكة \"سي بي إس نيوز\" الأميركية، فقد استخدمت الدراسة الحديثة نتائج مسح وطني سابق، شمل أكثر من 5 آلاف شخص ما بين 2003 و2006.\r\nلاحظ الباحثون \"وجود ارتباط قوي\" بين ممارسة التمارين وانخفاض السمنة لدى المجموعة التي كانت تمارس الرياضة في الصباح.\r\nوجدت الدراسة أن أصحاب التمارين الصباحية \"لديهم أيضا أدنى مؤشر لكتلة الجسم\".\r\nوكانت \"الفئة الصباحية\" تضم نسبة أكبر من النساء مقارنة مع الرجال.\r\nالأشخاص في المجموعات الصباحية كانوا يستهلكون سعرات حرارية أقل.\r\n\r\nقالت الطبيبة المتخصصة في فقدان الوزن، الدكتورة سو ديكوتيس لـ\"سي بي إس نيوز\" الأميركية:\r\nأفضل تمرين هو أي شيء يمكنك القيام به.\r\nما أنصح به الناس دائما هو ممارسة التمارين الرياضية عندما يستطيعون ذلك.\r\nإذا كان من الأسهل والأكثر ملاءمة لك الذهاب إلى صالة الألعاب الرياضية في الصباح، فافعل ذلك.\r\nإذا لم تتمكن من القيام بذلك حتى فترة ما بعد الظهر، فقم بذلك أيضا.','images/img51.webp','2025-05-02 13:31:20',2,2,1,7),(52,'إنجاز علمي.. علماء ينجحون في فك الشيفرة الوراثية للإنفلونزا.','بعد ما يقرب من 40 عاما من البحث، قد يكون العلماء أقرب من أي وقت مضى إلى القضاء على الإنفلونزا بشكل دائم.\r\nوكشف باحثون في فرنسا عن نظرة ثاقبة داخل عالم فيروس \"الإنفلونزا أيه\"، موضحين كيفية تغليف هذا الفيروس المجهري لمادته الجينية وحمايتها.\r\n\r\nولأول مرة، تقدم الدراسة المنشورة في مجلة \"Nucleic Acids Research\" رؤية لكيفية بناء الفيروس لهيكله الداخلي، مما يفتح آفاقا جديدة لمكافحة العدوى الفيروسية وصنع أدوية أفضل لموسم الإنفلونزا.\r\n\r\nوتشتهر فيروسات الإنفلونزا بتسببها في أوبئة موسمية وجوائح عرضية، مع التهديد المستمر لسلالات إنفلونزا الطيور التي قد تنتقل من الحيوانات إلى البشر.\r\n\r\nوتعد المادة الجينية أساسا في قدرة الفيروس على الانتشار والبقاء، وهي مغلفة بعناية في غلاف بروتيني مثل لفافة مجهرية.\r\n\r\nوباستخدام تقنيات تصوير متقدمة، أنشأ العلماء الخريطة الأكثر تفصيلا حتى الآن لكيفية تجميع الفيروس لمادته الجينية.\r\n\r\nوركز البحث الذي أشرف عليه المركز الوطني الفرنسي للبحث العلمي وجامعة غرينوبل الفرنسية، على البروتين النووي، وهو بروتين حيوي يعمل كغلاف واقٍ للحمض النووي الريبوزي الفيروس، أي تعليماته الجينية.\r\nواستخدم الفريق نهجا متقدما لتفكيك وإعادة بناء هيكل البروتين الفيروسي في بيئة مختبرية.\r\n\r\nومن خلال إزالة أجزاء صغيرة من هيكل البروتين، تمكن الباحثون من إنشاء نسخ أكثر استقرارا وأقل مرونة من الحزمة الجينية الأساسية للفيروس.\r\n\r\nوسمح ذلك للباحثين بالتقاط صور دقيقة للغاية تكشف كيف تلتف المادة الجينية عبر هيكل البروتين.\r\n\r\nوكان أحد الاكتشافات المفاجئة مرونة تغليف الفيروس الجيني، ووجد الباحثون أن البروتين يمكن أن يستوعب بين 20 و24 وحدة بناء جينية، مع جانب واحد من البروتين أكثر تكيفا من الآخر.\r\n\r\nوقد تفسر هذه المرونة كيفية قدرة الفيروس على التغيير والتكيف بسرعة، وهو سبب رئيسي لصعوبة الدفاع ضد الإنفلونزا كل عام، وفقما ذكر موقع \" studyfinds\" العلمي.\r\n\r\nومن النتائج التي كشفت عنها الدراسة أيضا وجود تفاعلات معقدة بين البروتين والمادة الجينية، إذ لا يظل الحمض النووي الريبوزي سلبيا داخل البروتين، بل يساعد بنشاط في تشكيل هيكل الفيروس، مما يساهم في المرونة العامة للجسيم الفيروسي.\r\n\r\nوأشار الباحثون إلى أن الأحماض الأمينية الأربعة عشر الأولى للبروتين تلعب دورا حاسما في وظيفتين رئيسيتين هما توفير المرونة للفيروس ومساعدته على التحرك داخل الخلايا المضيفة.\r\n\r\n\r\nخبراء: لقاح الإنفلونزا هو أحد السبل لمكافحة انتشار الفيروسات\r\nوفي ملخص للدراسة، قال الباحثون: \"يمهد هذا الاختراق الطريق لتصميم جزيئات دوائية جديدة قادرة على الارتباط بغلاف البروتين، وإضعاف الحمض النووي الريبوزي الفيروس، ومنع تكاثر فيروس الإنفلونزا، الذي يؤثر على الملايين\".\r\n\r\nوعلى الرغم من أن الدراسة أجريت في بيئة مختبرية محكمة، إلا أنها تمثل خطوة حاسمة في فك آليات أحد أكثر التهديدات الفيروسية تكيفا واستمرارية في العالم.','images/img52.webp','2025-05-02 13:35:18',2,2,1,1),(53,'للتخلص من الإمساك.. فاكهة واحدة لها مفعول سحري','كشف أحد الأطباء عن فاكهة تساعد على التخلص من واحدة من أكثر مشاكل الجهاز الهضمي إزعاجا، وهي الإمساك.\r\nوقال الدكتور كاران راجان، أخصائي الجراحة الهضمية إن حبة كيوي واحدة يمكن أن تخفف الإمساك على الفور تقريبا.\r\n\r\nولجأ الدكتور راجان إلى تيك توك لإخبار متابعيه البالغ عددهم 5.3 مليون شخص بأطعمة ثبت علميا أنها تعمل على تحسين صحة أمعائك.\r\n\r\nوتتصدر القائمة فاكهة الكيوي، الغنية بالألياف القابلة للذوبان.\r\n\r\nهذا النوع من الألياف يجذب الماء لتكوين \"هلام\" في الأمعاء، مما يجعل البراز أكثر ليونة ويزيد من سهولة حركات الأمعاء.\r\n\r\nتشمل الأطعمة الأخرى الغنية بالألياف القابلة للذوبان التين والأفوكادو وبذور الكتان والتفاح.\r\n\r\nويُعتقد أن الإمساك المتكرر مرتبط بزيادة خطر الإصابة بسرطان الأمعاء.\r\n\r\nوأظهرت الدراسات أن الإمساك المزمن يمكن أن يجعلك أكثر عرضة للإصابة بسرطان الجهاز الهضمي بمقدار مرة ونصف.\r\n\r\nيُعتقد أن هذا يرجع إلى السموم التي تتجمع في الأمعاء عندما تتراكم الفضلات على مدى فترات طويلة من الزمن.\r\n\r\nوتوجد القهوة أيضا في قائمة دكتور راجان للأطعمة المعززة لصحة الأمعاء.\r\n\r\nوقال إن المشروب المنشط \"يرتبط باستمرار بانخفاض خطر الإصابة بمرض الكبد الدهني وتطور تليف الكبد\".\r\nوتابع: \"تحتوي القهوة على الألياف القابلة للذوبان والبوليفينول، وتعمل البوليفينول كمضادات حيوية لتغذية بكتيريا الأمعاء الجيدة، قد تساعد القهوة أيضا على تحسين حركة الأمعاء مما يجعلها مفيدة في تقليل الإمساك\".\r\n\r\nوأضاف الدكتور راجان أن القهوة سريعة التحضير والقهوة منزوعة الكافيين تتمتعان بنفس الفوائد.\r\n\r\nكما أضاف راجان إلى قائمته مزيج من المكسرات مثل اللوز والجوز والفستق.\r\n\r\nوقال إن هذا المزيج يمنحك \"مجموعة متنوعة من الألياف الحيوية التي تعزز التنوع الميكروبي في أمعائك\".\r\n\r\nوسلط الضوء على الدراسات التي تشير إلى أن الاستهلاك المنتظم للمكسرات - حوالي 20 إلى 30 غراما في اليوم - يرتبط بانخفاض خطر الإصابة بالسرطان، ربما عن طريق تقليل الالتهاب في الجسم وتحسين تنوع البكتيريا الصحية في الأمعاء.\r\n\r\nالطعام الأخير في قائمة راجان هو الزبادي، وقال الدكتور راجان إن هذا يمكن أن يساعد في تخفف من أعراض متلازمة القولون العصبي، بما في ذلك الإمساك.','images/img53.webp','2025-05-02 13:36:11',2,2,1,3),(54,'كيف تحمي أموالك وتستثمر بذكاء.. الذهب أم العقار؟','بين أزمة رسوم ترامب الجمركية، وتقلبات السياسة العالمية، يجد الاقتصاد العالمي نفسه على حافة أزمة جديدة، لكنّها، هذه المرّة، أكثر تعقيدًا من أيّ وقت مضى.\r\n\r\nحرب تجارية شرسة، شح في السيولة، تضخم متصاعد، ديون عالمية تخطت 320 تريليون دولار، واستثمارات تهتز بثوانٍ على وقع تغريدة واحدة من ساكن البيت الأبيض.. في هذا المشهد المرتبك، يبقى السؤال الأهم: ماذا يجب أن يفعل الأفراد والمستثمرون اليوم؟\r\nالخبراء يجمعون على ضرورة التسلح بثلاثة محاور: السيولة، الأصل العقاري، والذهب:\r\n\r\nالاحتفاظ بسيولة تعادل 6 أشهر من المصاريف يوفّر شبكة أمان عند الأزمات.\r\nشراء العقارات يمنحك الاستقرار.\r\nالذهب عاد ليتربع على عرش الملاذات الآمنة، مدعومًا بطلب عالمي غير مسبوق، وتوقّعاتٍ بملامسة 3700 دولار للأونصة بنهاية العام الحالي.\r\nلكن حتى الذهب، يُنصح بالتعامل معه بذكاء؛ عبر الشراء المنتظم بنِسَبٍ صغيرة، لا دفعة واحدة.\r\n\r\nوفي ظلّ تراجع الثقة بالنظام المالي العالمي، وهيمنة الدولار، قد يكون الوقت قد حان لإعادة بناء المحافظ الاستثمارية بعقلانية ومرونة.\r\n\r\nكيف وصلنا إلى هذا الوضع المعقد؟\r\nتُرجع العديد من التحليلات هذه المخاوف إلى السياسات التي تبناها الرئيس الأميركي دونالد ترامب، وعلى رأسها الرسوم الجمركية التي فرضها على دول عديدة حول العالم. وقد أثارت هذه الإجراءات ردود فعل متباينة، أبرزها كان من الصين، التي أظهرت في تعاملها الأخير مع الولايات المتحدة موقفًا أكثر صرامة وكشفًا لما تراه تجاوزات.\r\n\r\nهذه \"الحرب الاقتصادية الباردة\"، التي تتضمن حربًا تجارية وحرب عملات، تأتي في وقت يعاني فيه الاقتصاد العالمي بالفعل من تحديات كبيرة. فما زالت تداعيات جائحة كوفيد-19 تلقي بظلالها، بالإضافة إلى الآثار المستمرة للحرب الروسية الأوكرانية. يضاف إلى ذلك حجم الدين العالمي الهائل الذي تجاوز 320 تريليون دولار، والذي يمثل قنبلة موقوتة، فضلاً عن ارتفاع الأسعار، ونقص الوظائف، وشح السيولة في بعض القطاعات.\r\n\r\nماذا عليك أن تفعل في ظل هذه الظروف؟\r\nيقدم الاقتصاديون اليوم شبه إجماع على بعض النصائح الأساسية للأفراد في مواجهة هذه التحديات المحتملة:\r\n\r\nاحتفظ بسيولة: \"الكاش ملك\" كما يقال، وجود مبلغ نقدي متاح يمنحك مرونة وأمانًا في أوقات عدم اليقين.\r\nامتلك أصلاً عقاريًا: المنزل يوفر استقرارًا بغض النظر عن الظروف الاقتصادية.\r\nحافظ على وظيفتك: في أوقات الأزمات، يصبح الاستقرار الوظيفي أولوية قصوى.\r\nابحث عن مصادر دخل إضافية: إذا كانت لديك فكرة مشروع صغير لا يتطلب استثمارًا كبيرًا ويمكن أن يوفر دخلًا إضافيًا، فهذه ميزة كبيرة.\r\nالاستثمار في الذهب كملاذ آمن\r\nفي خضم هذه الضبابية الاقتصادية، يشهد الذهب إقبالًا كبيرًا كملاذ آمن. فقد ارتفعت مشتريات العالم من الذهب خلال الأشهر الثلاثة الأولى من هذا العام  بمستويات غير مسبوقة منذ العام 2016، وكان جزء كبير من هذا الطلب بهدف الاستثمار.\r\n\r\nتتوقع بنوك استثمارية كبرى مثل غولدمان ساكس أن الذهب هو الخيار الأمثل للتحوط من أي ركود اقتصادي قادم، وقد يتجاوز سعره 3700 دولار بنهاية العام الحالي. بينما يرى آخرون مثل ستيت ستريت أن إعادة تشكيل الاقتصاد العالمي قد تدفع أسعار الذهب إلى ما بين 4000 و 5000 دولار في السنوات القليلة المقبلة.\r\n\r\nوبهذا الشأن، ينصح الدكتور ليمند المستثمرين الكبار بالنظر إلى الانخفاض الحالي في أسعار الذهب كفرصة للشراء. أما بالنسبة للمستثمرين الصغار والأفراد، فينصح بالشراء بشكل شهري بمبالغ ثابتة كجزء من خطة ادخار طويلة الأجل، وتخصيص نسبة معينة من الراتب للاستثمار في الذهب، على سبيل المثال 20 بالمئة على الأقل.\r\n\r\nوعن تجربته الشخصية مع الاستثمار يشير إلى أن محفظته الاستثمارية الشخصية، ذات المدى الطويل (15 عامًا)، تتضمن 50 بالمئة ذهبًا يتم تخزينه في صناديق أمانات في بنوك سويسرية.\r\n\r\nوكما هو الحال مع تنوع فئات السيولة النقدية، ينصح أيضًا بأن تتنوع أنماط الادخار الذهبي ما بين سبائك وعملات ذهبية وخلافه.','images/img54.webp','2025-05-02 13:39:12',3,2,1,1),(55,'طيران الإمارات.. ترسم ملامح المستقبل بثقة وتفاؤل.','في حديث استثنائي، يكشف رئيس مجموعة الإمارات عن أرقام قياسية، واستراتيجيات تحديث جريئة، ورؤية طموحة لعصر ما بعد \"كوب 28\"\r\n\r\nفي مشهد يعكس عمق الثقة بالقدرة الإماراتية على قيادة تحولات اقتصادية عالمية من قلب قطاع الطيران، أدلى الرئيس الأعلى الرئيس التنفيذي لطيران الإمارات والمجموعة، الشيخ أحمد بن سعيد آل مكتوم، بتصريحات حملت من التفاؤل والواقعية ما يكفي لرسم خارطة طريق واضحة لمستقبل أحد أكثر القطاعات تأثيرًا في اقتصاد دبي.\r\nلم يكن حديث الشيخ أحمد إلى \"سكاي نيوز عربية\" مجرد استعراض لأرقام ومؤشرات، بل جاء أقرب إلى خطاب استراتيجي يرصد تحديات المرحلة المقبلة، ويؤكد على جاهزية الإمارات، ودبي خصوصًا، للمضي قدمًا في ربط العالم من الجو، مع الحفاظ على موقعها كمحور حيوي في الاقتصاد العالمي.\r\n\r\nاقتصاد طيران.. دبي تُحلّق على جناحي \"الإمارات\" و\"فلاي دبي\"\r\nكشف تقرير حديث أصدرته \"أوكسفورد إيكونوميكس\" أن مساهمة مجموعة الإمارات وحدها في اقتصاد دبي تبلغ 15 بالمئة، بينما تصل مساهمة قطاع الطيران ككل إلى نحو 27 بالمئة. أرقام ليست فقط مؤشرًا على الحجم، بل شهادة على أن الطيران في دبي ليس قطاعًا خدميًا، بل عصب اقتصادي كامل يرتبط بأداء المدينة ومكانتها الدولية.\r\n\r\nوفي هذا السياق، قال الشيخ أحمد إن \"وضع طيران الإمارات يرتبط كثيرًا بنتائج دبي، كل منهما يُكمل الآخر، ودبي دائمًا تأتي أولًا\"، مشيرًا إلى العلاقة التبادلية التي تجعل من نجاح الناقلة الوطنية رافعة لاقتصاد الإمارة، والعكس كذلك.\r\n\r\nتأكيده على أن مطار دبي الدولي خدم 92.5 مليون راكب في العام الماضي، مع استحواذ \"طيران الإمارات\" على أكثر من نصف هذه الحركة، يعكس بوضوح حجم الاعتماد الدولي على دبي كمحور عبور جوي عالمي، خصوصًا في مرحلة ما بعد الجائحة التي شهدت إعادة تعريف لمفاهيم الربط العالمي.\r\n','images/img55.webp','2025-05-02 13:52:26',3,2,1,0),(56,'ترامب يتراجع والأسواق تتنفس.. رسوم ترامب أمام مراجعة جذرية','في خضم التوترات التجارية التي تطبع العلاقة بين واشنطن وبكين، تبرز مؤشرات جديدة توحي بانفراجة محتملة في أفق الحرب الجمركية بين أكبر اقتصادين في العالم، مع دراسة إدارة الرئيس الأميركي دونالد ترامب خفض الرسوم المفروضة على الواردات الصينية، في خطوة تهدف إلى تهدئة الأجواء المشحونة وتخفيف الضغوط على سلاسل الإمداد والأسواق المالية العالمية.\r\n\r\nورغم أن القرار لم يُحسم بعد داخل البيت الأبيض، إلا أن نبرة التصريحات الرسمية ومواقف الأطراف المعنية، سواء من الجانب الأميركي أو الصيني، تعكس بشكل أو بآخر رغبة في كسر الجمود والانتقال نحو حوار بناء. وبينما يُراقب المستثمرون هذه التطورات بحذر وترقب، يترقب العالم نتائج محتملة قد تعيد رسم خريطة التوازنات الاقتصادية العالمية، وسط تحولات جيوسياسية وتجارية متسارعة.\r\n\r\nوكشف تقرير لصحيفة \"وول ستريت جورنال\"، الأربعاء، عن أن إدارة الرئيس ترامب تدرس خفض الرسوم الجمركية الباهظة على الواردات الصينية - في بعض الحالات بأكثر من النصف - في محاولة لتهدئة التوترات مع بكين التي أزعجت التجارة والاستثمار العالميين.\r\nونقلت الصحيفة عن مصدرين مطلعين، قولهما إن  الرئيس ترامب لم يتخذ قراراً نهائياً بعد، مضيفين أن المناقشات لا تزال غير واضحة وهناك عدة خيارات على الطاولة.\r\n\r\nوصرح مسؤول كبير في البيت الأبيض بأن الرسوم الجمركية على الصين من المرجح أن تنخفض إلى ما بين 50 و65 بالمئة تقريباً.\r\nكما تدرس الإدارة الأميركية اتباع نهج متدرج مماثل للنهج الذي اقترحته لجنة مجلس النواب المعنية بالصين أواخر العام الماضي (فرض رسوم بنسبة 35 بالمئة على السلع التي لا تعتبرها الولايات المتحدة تهديداً للأمن القومي، ورسوم بنسبة 100 بالمئة على الأقل على السلع التي تُعتبر استراتيجية لمصالح الولايات المتحدة)، وفقاً لبعض المصادر. واقترح مشروع القانون تطبيق هذه الرسوم تدريجيًا على مدى خمس سنوات.\r\nوأعلن ترامب الثلاثاء استعداده لخفض الرسوم الجمركية على السلع الصينية ، مؤكداً أن الرسوم الجمركية البالغة 145 بالمئة التي فرضها على الصين ستنخفض.  وأضاف: \"لكنها لن تُلغى تماماً\".\r\n\r\nوقد لاقى هذا التطور ترحيباً واسعاً من المستثمرين الذين كانوا قلقين من التحركات العدوانية للبيت الأبيض في الأسابيع الأخيرة.\r\n\r\nوأشارت الصين الأربعاء إلى انفتاحها على محادثات تجارية مع الولايات المتحدة، رغم تحذير بكين من أنها لن تتفاوض في ظل التهديدات المستمرة من البيت الأبيض.\r\n\r\nووفق \"وول ستريت جورنال\" فإنه في دوائر صنع القرار الصينية، اعتُبرت تصريحات ترامب يوم الثلاثاء بمثابة إشارة إلى تراجعه، وفقًا لمصادر مطلعة على الوضع مع المسؤولين الصينيين.\r\nتمثل تعبيرات الانفتاح على التوصل إلى اتفاق من الجانبين تحولا عن معظم الشهر الماضي، حيث تبادل أكبر اقتصادين في العالم زيادات متبادلة في التعرفات الجمركية والكلمات المتوترة، مما ساعد في دفع أسواق الأسهم في جميع أنحاء العالم إلى أسوأ أسابيعها منذ سنوات عديدة.\r\n\r\nكانت الإدارة الأميركية قد خططت لاستغلال مفاوضات التعرفات الجمركية الجارية للضغط على شركاء الولايات المتحدة التجاريين للحد من تعاملاتهم مع الصين، وفقًا لما ذكرته صحيفة وول ستريت جورنال سابقًا. ومع ذلك، صرّح وزير الخزانة سكوت بيسنت بوجود مجال لإجراء محادثات بشأن اتفاق تجاري محتمل بين الولايات المتحدة والصين. ويتعين أن تشمل هذه المحادثات ترامب والرئيس الصيني شي جين بينغ، على الرغم من أنهما لم يتحدثا منذ عودة ترامب إلى البيت الأبيض.','images/img56.webp','2025-05-02 13:54:01',3,2,1,2),(57,'أوروبا تقترح شراء سلع أميركية إضافية بقيمة 50 مليار يورو','كشف مفوض التجارة في الاتحاد الأوروبي ماروس سيفكوفيتش أن دول الاتحاد الـ27 تدرس بشكل جدي زيادة مشترياتها من المنتجات الأميركية بقيمة تصل إلى 50 مليار يورو، في محاولة لتقليص العجز التجاري مع الولايات المتحدة وتخفيف التوترات التجارية المتصاعدة مع واشنطن.\r\n\r\nمقترح أوروبي لشراء الغاز وفول الصويا\r\nوفي مقابلة مع صحيفة فايننشال تايمز، أوضح سيفكوفيتش أن المفوضية الأوروبية ترى في هذه الخطوة وسيلة فعالة لـ\"حل المشكلة بسرعة كبيرة\"، مقترحًا أن تشمل الزيادة في المشتريات الأميركية سلعًا مثل الغاز الطبيعي المسال ومنتجات زراعية كالذرة وفول الصويا.\r\n\r\nوأشار إلى أن العجز التجاري الفعلي لا يتجاوز 50 مليار يورو، وذلك عند احتساب تجارة الخدمات، مؤكدًا أن بروكسل لا تشارك واشنطن تقييمها بأن العجز يصل إلى \"مئات المليارات من الدولارات\"، كما يكرر الرئيس الأميركي دونالد ترامب.\r\n\r\nتصاعد الرسوم الأميركية ورد الفعل الأوروبي\r\nوتأتي هذه التصريحات في سياق محادثات تجريها المفوضية الأوروبية مع إدارة ترامب، سعياً لإلغاء الرسوم الجمركية التي فُرضت على واردات أوروبية، بما في ذلك رسوم بنسبة 25 بالمئة على السيارات والصلب والألمنيوم، وأخرى بنسبة 10 بالمئة على منتجات متعددة.\r\n\r\nوكانت هذه الخطوات جزءًا من السياسة التجارية الحمائية التي انتهجها ترامب خلال فترته الأولى، والتي تم تجديدها مع عودته إلى الحكم مطلع هذا العام، ما أشعل توترًا تجاريًا واسع النطاق مع شركاء الولايات المتحدة التجاريين، بما فيهم الاتحاد الأوروبي.\r\n\r\nتحفظ أوروبي على الضريبة المقترحة\r\nوفي ما يتعلق باقتراح أميركي بفرض ضريبة دنيا بنسبة 10 بالمئة على واردات محددة، اعتبر سيفكوفيتش أن هذا المستوى \"مرتفع للغاية\"، في إشارة إلى أن الاتحاد الأوروبي لن يقبل بسهولة باتفاق يبقي على مثل هذه التعرفات الجمركية المرتفعة.\r\n\r\nوأضاف أن التوصل إلى اتفاق \"جيد ومقبول بوضوح\" سيكون صعبًا، خاصة أنه يتطلب موافقة جميع الدول الأعضاء في الاتحاد، إلى جانب تصديق البرلمان الأوروبي.\r\n\r\nالعلاقات التجارية بين الاتحاد الأوروبي والولايات المتحدة\r\nبحسب بيانات المفوضية الأوروبية، بلغ إجمالي تجارة السلع والخدمات بين الاتحاد الأوروبي والولايات المتحدة أكثر من 1.3 تريليون يورو في عام 2023، ما يجعل العلاقات التجارية بين الجانبين من الأكبر عالميًا، لكن هذه العلاقات شهدت اضطرابات متكررة بسبب ملفات الرسوم الجمركية والدعم الصناعي.\r\n\r\nوقد وصف تقرير صادر عن مجلس العلاقات الخارجية الأميركي (CFR) في فبراير 2025 العلاقة التجارية بأنها \"مضطربة ولكن قابلة للاستعادة\"، محذرًا من أن استمرار السياسات الحمائية من الجانبين قد يعرض الاستقرار الاقتصادي العابر للأطلسي للخطر.','images/img57.webp','2025-05-02 13:56:48',3,2,1,0),(58,'لبنان يعيد رسم خارطة السياحة على خطّ الثقة والاستثمار','في وقتٍ تتعاظم فيه التحديات الاقتصادية والاجتماعية التي تواجه لبنان، تبدو السياحة كأحد آخر الأوراق الحيوية المتاحة للدولة في سعيها نحو إعادة تنشيط العجلة الاقتصادية.\r\n\r\nولعلّ ما أدلت به وزيرة السياحة اللبنانية لورا الخازن لحود في حديثها إلى سكاي نيوز عربية يشكّل وثيقة سياسية سياحية متقدمة، تعبّر عن مقاربة شاملة تُعَوِّل على الاستثمار في الثقة قبل أي استثمار مالي مباشر.\r\n\r\nالثقة كأولوية... والخليج بوابة الاستعادة\r\nفي معرض حديثها، أكدت الوزيرة أن أولويات الحكومة السياحية لا تقتصر على الترويج، بل تتقدمها مهمة جوهرية وهي: استعادة الثقة، وخصوصًا مع الدول الخليجية، مشيرةً بوضوح إلى أن السياحة لن تنهض من دون استعادة الحاضنة العربية التقليدية.\r\n\r\n\"أولويتنا هي إعادة أخواننا العرب والخليجيين إلى لبنان... نشتاق إليهم كما يشتاقون إلينا\"، قالت لحود، قبل أن تضيف: \"نريد أن نفعل كل ما يمكن لإعادة الثقة لكي يعودوا أسرع\".\r\n\r\nهذا التوجه يعكس تحولًا في الخطاب الرسمي، من لغة الأمنيات إلى نهج الاستعداد، حيث باتت العودة الخليجية مشروعًا سياسيًا وسياحيًا متكاملاً، يمر عبر مطار بيروت، وتحسين البنية التحتية، وإصلاح تجربة السائح من نقطة الوصول حتى مغادرته.\r\n\r\nمن مطار بيروت إلى تجربة السائح.. بنية تحتية بحجم الطموح\r\nتحرص وزارة السياحة، وفقًا لما صرّحت به لحود، على ألا تكون زيارة لبنان مجرد إقامة فندقية، بل تجربة متكاملة مدروسة تبدأ من لحظة الهبوط في المطار. فقد بدأت الحكومة بتنفيذ خطوات عملية لتحسين الاستقبال، وتطوير طريق المطار، وتجهيز المنطقة بصور تعكس التراث والثقافة اللبنانية.\r\n\r\n\"نفعل كل ما يمكن من الإصلاحات، من الاستقبال إلى طريق المطار إلى البنية التحتية... نعمل كفريق واحد لأن لا وزارة تستطيع أن تنجح منفردة\"، توضح الوزيرة.\r\n\r\nوتكشف هذه التصريحات عن مقاربة حكومية متكاملة تسعى إلى تحويل زيارة لبنان إلى تجربة جاذبة، خالية من المنغصات، وقادرة على منافسة الوجهات الإقليمية الأخرى.\r\n\r\nالاستقرار الأمني ركيزة غير قابلة للمساومة\r\nبعيدًا عن لغة السياحة الكلاسيكية، لم تتردد لحود في الربط بين الواقع الأمني والسياسي وبين مستقبل القطاع السياحي، مؤكدة أن السياحة المستدامة لا تُبنى على أرضية هشة.\r\n\r\n\"ملتزمون بالقرار 1701، وبأن يكون هناك جيش واحد... نعمل جاهدين لإعادة الثقة تدريجيًا لأن الإرادة موجودة\"، شددت الوزيرة.\r\n\r\nويعد هذا التصريح بمثابة تطمين مباشر للمستثمرين والسياح العرب بأن السياحة في لبنان لن تكون رهينة التوترات الأمنية، بل مؤطرة ضمن مشروع وطني للاستقرار.\r\n\r\nسياحة متعددة الفصول.. ومحاور متنوعة\r\nخلافًا للتقليد اللبناني في حصر السياحة في موسمي الصيف والشتاء، كشفت الوزيرة عن استراتيجية تهدف إلى تمديد النشاط السياحي إلى كافة فصول السنة، واستغلال تنوع المناخ والتضاريس في لبنان.\r\n\r\nففي الربيع، تروج لحود للسياحة البيئية؛ وفي الخريف، تطرح إمكانية المزج بين الزراعة والبيئة؛ أما في الشتاء، فالثلوج تستقطب الهواة؛ وفي الصيف، يبقى البحر سيد المشهد.\r\n\r\n\"نحن نعمل على أن تمتد السياحة إلى كل الفصول، بل إلى كل المناطق\"، تقول لحود، ما يعكس رؤية لا مركزية تهدف إلى إشراك الأطراف والمناطق المهمشة في عائدات القطاع.\r\n\r\nالسياحة الدينية والثقافية والطبية: موارد غير تقليدية للاستثمار\r\nتميّزت مقابلة الوزيرة لحود أيضًا بتسليطها الضوء على أنماط سياحية بديلة، من أبرزها السياحة الدينية، التي ترى فيها فرصة فريدة للبنان بصفته دولة تلتقي فيها مختلف الأديان والثقافات.\r\n\r\n\"يوجد في لبنان دروب دينية جميلة، من قديشا إلى غيرها... هذا شيء خاص جدًا للبنان\"، تقول، مؤكدة على مكانة البلاد كمحور للحوار الروحي.\r\n\r\nمن جهة أخرى، أشارت إلى السياحة الثقافية التي تشمل المتاحف والمهرجانات على مدار العام، بالإضافة إلى السياحة الطبية التي تعوّل على سمعة الأطباء اللبنانيين والكفاءات العلاجية، خصوصًا في التخصصات الدقيقة.\r\n\r\nالمطبخ اللبناني... مرآة لصمود قطاع الخدمات\r\nرغم الأزمات الاقتصادية والمالية، بقي قطاع المطاعم في لبنان مثالًا للصمود، بحسب الوزيرة، التي قالت: \"مررنا بأزمات عديدة، من كوفيد إلى الانهيار، ومع ذلك، هناك مطاعم جديدة تفتح باستمرار... الناس يأتون إلى لبنان فقط لتجربة الطعام\".\r\n\r\nهذا البعد يعكس دور المطبخ اللبناني كمحرّك اقتصادي خفي، يساهم في دعم قطاع الضيافة وخلق فرص عمل في ظل الانكماش.\r\n\r\nالاستقبال... جوهر الهوية اللبنانية\r\nلم تغفل لحود الحديث عن الرأسمال البشري، الذي اعتبرته الكنز الحقيقي للبنان، قائلة: \"أعتقد أن أكبر ثروتنا هي اللبناني... لا يشبه أحد الآخر، لكنه يعرف كيف يستقبل ويحب أن يستقبل\".\r\n\r\nهذا الوعي بخصوصية الشعب اللبناني في التعامل مع الضيوف، يضيف إلى خطة الحكومة بعدًا وجدانيًا وإنسانيًا، يعزّز من جاذبية لبنان كمقصد لا يقدّم فقط المناظر، بل العلاقات.\r\n\r\nالسياحة كجسر اقتصادي وسياسي\r\nمن خلال تصريحاتها، رسمت وزيرة السياحة لورا الخازن لحود خريطة طريق تتجاوز الترويج السياحي إلى استراتيجية وطنية متكاملة، تتطلب استقرارًا أمنيًا، شراكة مؤسساتية، وتواصلًا فعّالًا مع العالم العربي.\r\n\r\nوإذا ما أحسن تطبيق هذه الخطة، يمكن للبنان أن يحوّل السياحة من قطاع هش إلى قاطرة إنقاذ اقتصادي، ومن موسم صيفي إلى مشروع تنموي دائم.','images/img58.webp','2025-05-02 13:58:28',3,2,1,0),(59,'تسجيل عبد الناصر والقذافي.. القصة الكاملة وأبعادها السياسية','في مشهد يعيد استحضار لحظة فارقة في التاريخ المصري والعربي، فجّر تسجيل صوتي نادر للرئيس المصري الراحل جمال عبد الناصر مع الزعيم الليبي الراحل معمر القذافي جدلًا واسعًا.\r\n\r\nوأعاد التسجيل فتح النقاش بشأن طبيعة سياسات عبد الناصر في سنواته الأخيرة، خصوصًا إزاء الصراع العربي الإسرائيلي، والموقف المصري من قضايا الحشد العسكري والحلول السلمية.\r\n\r\nالتسجيل، الذي يعود إلى أغسطس 1970، يوثق حديثًا مطولًا بشأن ضرورة الواقعية السياسية، وانتقادًا ضمنيًا لدعوات الحشد الثوري، في وقت كانت فيه القاهرة قد قبلت رسميًا بمبادرة روجرز كغطاء لبناء قدرات الدفاع الجوي.\r\n\r\nوبينما اعتبرت أسرة عبد الناصر أن التسجيل \"جزء من أرشيفه المتاح\"، انقسم المحللون بين من رأى فيه دلالة على \"تطور سياسي ناضج\" ومن اعتبره \"محاولة لتزييف موقف عبد الناصر القتالي\".\r\n\r\n\"عبد الناصر لم يساوم.. ومات وهو يبني للعبور\"\r\n\r\nدافع الكاتب الصحفي عبد الحليم قنديل، في حديثه إلى برنامج \"ستوديو وان مع فضيلة\"، بشدة عن الموقف التاريخي لعبد الناصر، محذرًا من محاولات \"اجتزاء السياق\"، مؤكدًا أن \"اجتزاء الحقيقة كإنكارها وخيانتها\".\r\n\r\nبحسب قنديل، قبول عبد الناصر بمبادرة روجرز لم يكن تنازلًا بقدر ما كان مناورة سياسية لتمكين بناء حائط الصواريخ الذي وفر الغطاء اللازم لأي عمل عسكري لاستعادة سيناء.\r\n\r\nوأكد أن التسجيل الصوتي يجب فهمه ضمن اللحظة التاريخية التي \"كانت مصر تستعد فيها للحرب وليس للاستسلام\".\r\n\r\nواستعرض قنديل معطيات اقتصادية وعسكرية مهمة، قائلًا إن عبد الناصر، الذي أقر بمسؤوليته الكاملة عن هزيمة 1967، عمل على إعادة بناء الجيش والاقتصاد. وصلت معدلات التنمية في عهده إلى 6 بالمئة سنويًا، وكان عام 1969 ذروة الانتعاش الاقتصادي المصري منذ عقود\".\r\n\r\nكما لفت إلى أن عبد الناصر لم يتخلَّ عن مشروع التحرير، مستشهدًا بخطط بناء حائط الصواريخ وخطط العبور التي وُضعت قبل وفاته، معتبرًا أن \"لو كان عبد الناصر عاش لما شهدنا تدهور الأوضاع العربية إلى ما آلت إليه بعد اتفاقيات السلام المنفردة\".\r\n\r\n\"عبد الناصر.. من الحلم القومي إلى الواقعية الصارمة\"\r\n\r\nأما عماد جاد، مستشار مركز الأهرام للدراسات السياسية والاستراتيجية، فقد قدم قراءة مختلفة لكنها متقاطعة مع رؤية قنديل من زاوية أخرى، إذ أشار إلى أن عبد الناصر بعد 1967 \"كان شخصًا مختلفًا كليًا عن الزعيم الحالم قبلها\".\r\n\r\nوشرح جاد قائلا: \"عبد الناصر قبل النكسة كان قائدًا قوميًّا طموحًا يسعى لتوحيد العالم العربي، لكنه بعد الهزيمة أصبح رئيسًا مصريًا براجماتيًا يتعامل مع الواقع بإدراك أعمق لحدوده\".\r\n\r\nوأضاف جاد أن دخول عبد الناصر حرب اليمن وخسارته عشرات الآلاف من الجنود كان \"أول جرس إنذار\"، تبعه سقوط كارثي في 1967 نتيجة الفشل الداخلي، خاصة بسبب دور عبد الحكيم عامر ومحاولة السيطرة على الجيش بعيدًا عن الرقابة السياسية الفعالة.\r\n\r\nوفي تحليله لمضمون التسجيل مع القذافي، قال جاد: \"الحديث يفضح ازدواجية الراديكاليين الذين كانوا ينتقدون عبد الناصر وهم يزايدون عليه... عبد الناصر كان واضحًا حين قال لهم ببساطة: من أراد أن يحارب فليتفضل، لكنه هو نفسه كان يقاتل بوسائله الواقعية لبناء القوة لا بالشعارات\".\r\n\r\nوأكد جاد أن نقل حائط الصواريخ المصري قرب قناة السويس قبيل وقف إطلاق النار، في خرق محسوب لمبادرة روجرز، كان \"خطوة ذكية مهدت لما عرف لاحقًا بثغرة النصر في حرب 1973\".\r\n\r\nالسياق المصري.. وقيمة الرسالة اليوم\r\n\r\nما بين تحليلات قنديل التي تؤكد استمرار مشروع المقاومة، وقراءة جاد التي ترصد التحول إلى الواقعية السياسية، تتضح ملامح المشهد: مصر عبد الناصر، حتى في لحظات الانكسار، كانت تتجه نحو بناء قوة قادرة على التغيير، بعيدًا عن ضجيج المزايدات الأيديولوجية.\r\n\r\nالتسجيل الصوتي، رغم الجدل حوله، يكشف عن عبد الناصر الذي عرف أن الشعارات لا تحرر أرضًا، وأن بناء القوة الوطنية هو الطريق الوحيد الممكن. ولعل ما قاله عبد الناصر نفسه في التسجيل، حين ألمح إلى أن السلام لا يأتي من \"الطموحات غير الواقعية\"، يجسد التحول العميق الذي قادته مصر آنذاك نحو مفهوم دولة القوة القادرة، لا فقط القومية الحالمة.\r\n\r\nوفي عالم عربي ما زال يعاني من أزمات مشابهة، تبدو الرسائل المستخلصة من عبد الناصر أكثر راهنية مما قد يتصور البعض.','images/img59.webp','2025-05-02 14:09:39',1,2,1,0),(60,'الآلاف يتظاهرون في أميركا ضد سياسات ترامب','شارك آلاف الأشخاص في مختلف أنحاء الولايات المتحدة، السبت، في يوم جديد من الاحتجاجات ضد سياسات الرئيس دونالد ترامب.\r\n\r\nوتظاهر مئات الأشخاص أمام البيت الأبيض في واشنطن، واتهموا ترامب بالحكم بأسلوب استبدادي وترحيل الأجانب دون إجراءات قانونية مناسبة. ورفعت لافتات كُتب عليها \"لا للملك\"، فيما ردد المتظاهرون شعارات مثل \"أعيدوهم إلى الوطن\"، في إشارة إلى المهاجرين الذين، من وجهة نظرهم، تم ترحيلهم بشكل غير قانوني.\r\n\r\nوقالت امرأة من واشنطن إنها جاءت لأنها تشعر أن الاحتجاجات ضد ترامب في تزايد، وأرادت أن تكون جزءا منها.\r\n\r\nفيما أوضح شاب أنه \"إذا تم حرمان رجل مثل كيلمر أبريغو غارسيا، الذي تم ترحيله إلى السلفادور، من حقوقه، فعلينا أن نحذر من أن لا يُحرم مواطنون آخرون من حقوقهم قريبا\".\r\n\r\nوتم ترحيل أبريغو من قبل الحكومة دون محاكمة، رغم تمتعه بحماية قانونية قائمة.\r\n\r\nكما خرجت مظاهرات أخرى في نيويورك، حيث تجمع مئات الأشخاص أمام مكتبة نيويورك العامة. ووفقا لصحيفة \"واشنطن بوست\"، فقد شهدت العديد من المدن الأخرى احتجاجات مماثلة.\r\n\r\nوكانت أولى الاحتجاجات الوطنية الكبرى قد انطلقت قبل أسبوعين، عندما تظاهر عشرات الآلاف في عشرات الولايات.','images/img60.webp','2025-05-02 14:10:46',1,2,1,0),(61,'سياسة لوي الذراع.. الصين تحاول الالتفاف على ترامب','تتواصل الصين مع الدول الأخرى لتعزيز علاقاتها التجارية في ظل تصاعد حرب الرسوم التجارية بين بكين وواشنطن، فيما يبدو كمحاولة صينية لتكوين جبهة دولية موحدة لإجبار واشنطن على التراجع عن خطة الرئيس الأميركي دونالد ترامب لفرض رسوم شاملة على جميع الواردات الأميركية.\r\n\r\nوبعد أيام من المحاولات حققت واشنطن نجاحا جزئيا فقط، حيث لا تريد الكثير من الدول الانحياز إلى الصين التي أصبحت الهدف الرئيسي لحرب ترامب التجارية.\r\n\r\nوفي مواجهة انهيار الأسواق المالية العالمية تراجع ترامب جزئيا عن خطة الرسوم الشاملة وقرر تعليق تطبيق أغلبها لمدة 90 يوما قائلا إن الدول وافقت على الدخول في مفاوضات مع الولايات المتحدة من أجل التوصل إلى شروط أفضل للجميع.\r\n\r\nولكن الصين رفضت الدخول في محادثات مع الولايات المتحدة قائلة إنها ستقاتل حتى النهاية في أي حرب رسوم، مما دفع ترامب إلى زيادة معدلات الرسوم المفروضة على المنتجات الصينية إلى 125 بالمئة الأربعاء، في حين تفرض الصين رسوما بنسبة 84 بالمئة على المنتجات الأميركية اعتبارا من الخميس.\r\n\r\nويبدو قرار ترامب تعليق الرسوم على أغلب دول العالم محاولة لتقليص نطاق حربه التجارية لكي يركز على الصين.\r\n\r\nمن ناحيته، قال لين جيان المتحدث باسم وزارة الخارجية الصينية إن \"أي قضية عادلة تحظى بدعم من الكثيرين\"، مضيفا أن \"الولايات المتحدة لا تستطيع كسب تأييد الشعوب وستنتهي إلى الفشل\".\r\n\r\nوتركز الصين على أوروبا حيث أجرى رئيس الوزراء الصيني لي كشيانغ اتصالا هاتفيا مع رئيسة المفوضية الأوروبية أورسولا فون دير لاين \"لإرسال رسالة إيجابية إلى العالم الخارجي\".\r\n\r\nوذكرت وكالة أنباء الصين الجديدة \"شينخوا\" الرسمية أن \"الصين تريد العمل مع الاتحاد الأوروبي لكي تطبق بشكل مشترك الاتفاقيات المهمة التي توصل إليها قادة الصين والاتحاد الأوروبي وتعزيز الاتصال والتبادلات وتعميق العلاقات التجارية الصينية الأوروبية والاستثمار والتعاون الصناعي\".\r\n\r\nجاء ذلك في أعقاب مؤتمر عبر تقنية الفيديو بين وزير التجارة الصيني وانغ وينتاو والمفوض الأوروبي للأمن التجاري والاقتصادي ماروس سيفكوفيتش، الثلاثاء الماضي، لمناقشة خطة الولايات المتحدة لفرض الرسوم \"المتبادلة\".\r\n\r\nكما تحدث وانغ مع أعضاء رابطة جنوب شرق آسيا \" سيان\" التي تضم 10 دول، في حين اجتمع لي مع قادة الأعمال.\r\n\r\nوقال لي إن الصين \"أجرت بالفعل تقييما كاملا وتستعد للتعامل مع كل أنواع حالات الغموض، وستطبق سياسات تراكمية وفقا لاحتياجات الموقف\".','images/img61.webp','2025-05-02 14:11:47',1,2,1,0),(62,'في أذربيجان.. مكتب نتنياهو يكشف عن لقاء أمني مع تركيا','أفاد مكتب رئيس الوزراء الإسرائيلي، بنيامين نتنياهو، الخميس، بحصول محادثات تركية سورية في أذربيجان.\r\nوقال المكتب: \"تحت إشراف رئيس الوزراء بنيامين نتنياهو، التقى الليلة الماضية وفد سياسي أمني برئاسة رئيس هيئة الأمن القومي تساحي هنغبي، وبمشاركة ممثلين كبار من وزارة الدفاع وأجهزة الأمن، مع وفد تركي مواز\".\r\n\r\nوتابع: \"تتوجه إسرائيل بالشكر لأذربيجان والرئيس إلهام علييف على استضافتهما للمحادثات المهمة\".\r\n\r\nوأضاف: \"في المحادثات عرض كل طرف مصالحه في المنطقة، وتم الاتفاق على مواصلة طريق الحوار للحفاظ على الاستقرار الأمني\".\r\n\r\nوكان وزير الخارجية التركي، هاكان فيدان، قد قال الأربعاء، إن تركيا تُجري محادثات فنية مع إسرائيل لخفض التوتر في سوريا عند الحاجة.\r\n\r\nوأضاف: \"نحن في تركيا لا ننوي الدخول في صراع مع أي دولة في سوريا، وليس فقط إسرائيل، سوريا بلد مستقل ونحن الآن أمام سوريا جديدة\".\r\n\r\nوأثار النفوذ التركي في سوريا قلق إسرائيل، التي شنت غارات جوية وتوغلات برية لإبعاد القوات الحكومية السورية عن حدودها.','images/img62.webp','2025-05-02 14:12:33',1,2,1,2),(64,'لعبة \"الكراسي الموسيقية\" تحدد مدرب ريال مدريد الجديد','فيما يشبه لعبة \"الكراسي الموسيقية\"، اقترب باير ليفركوزن الألماني من التعاقد مع المدرب الهولندي إريك تن هاغ، مما يعزز فرص رحيل مدربه تشابي ألونسو إلى ريال مدريد الإسباني عقب انتهاء الموسم الجاري.\r\n\r\nوذكرت مجلة \"كيكر\" الألمانية الرياضية، الجمعة، أن المفاوضات مع تن هاغ (55 عاما)، المدير الفني السابق لفريقي أياكس أمستردام الهولندي ومانشستر يونايتد الإنجليزي، وصلت لمرحلة متقدمة، مع اهتمام بطل ألمانيا الموسم الماضي بانتقال سلس كما كان الحال في الماضي.\r\n\r\nوارتبط اسم ألونسو بالرحيل لتدريب ريال مدريد، الذي كان لاعبا سابقا في صفوفه، في ظل التكهنات المثارة بشأن عدم استمرار الإيطالي كارلو أنشيلوتي على رأس القيادة الفنية للفريق الملكي الموسم المقبل، وانتقاله لتدريب منتخب البرازيل.\r\n\r\nويعمل ألونسو مع ليفركوزن منذ أكتوبر 2021، وقاد الفريق للتتويج لأول مرة في تاريخه بالدوري والكأس الألمانيين من دون خسارة الموسم الماضي، علما بأنه يرتبط بعقد مع النادي حتى عام 2026.\r\n\r\nلكن بإمكان المدرب الإسباني الرحيل قبل ذلك إلى ناد سبق له اللعب معه، وهو ما ينطبق على ريال مدريد.\r\n\r\nوتولى تن هاغ تدريب أياكس بين عامي 2017 و2022، حيث توج معه بثلاثة ألقاب للدوري الهولندي ولقبين لكأس هولندا، ثم انضم إلى مانشستر يونايتد الذي فاز معه بكأس الرابطة عام 2023 وكأس الاتحاد الإنجليزي عام 2024، قبل إقالته في أكتوبر الماضي.\r\n\r\nوسبق لتن هاغ التدريب في ألمانيا، حيث تولى مسؤولية الفريق الرديف لبايرن ميونيخ بين عامي 2013 و2015.','images/img64.webp','2025-05-02 14:49:18',4,2,1,0),(65,'حقنة شهيرة لتخفيف الوزن تثبت فائدة جديدة','أثبت عقار \"مونجارو\" الذي يستخدم على نطاق واسع لتخفيف الوزن فائدة أخرى في علاج مشكلة انقطاع النفس أثناء النوم لدى البالغين الذين يعانون من سمنة مفرطة، وذلك حسب ما أفادت به الشركة المصنعة.\r\n\r\nمع مرور الوقت، يمكن أن يؤدي انقطاع التنفس أثناء النوم إلى مشاكل صحية أخرى مثل ارتفاع ضغط الدم وأمراض القلب والسكري من النوع الثاني، بالإضافة إلى زيادة فرصة الإصابة بالسكتة الدماغية.\r\n\r\nبعد إجراء دراستين على البالغين الذين يعانون من السمنة المفرطة ومتلازمة فرط نشاط الغدة الدرقية المتوسطة إلى الشديدة، قالت الشركة المصنعة لـ \"مونجارو\" إنه يمكن أن يقلل عدد المرات التي يتوقف فيها الناس عن التنفس أثناء نومهم.\r\n\r\nمونجارو\r\n\r\nمادتها الفعالة تسمى \"تيرزباتيد\".\r\nتم تطويرها في الأصل كعلاج لمرض السكري من النوع الثاني.\r\nتساعد على الشعور بالشبع لفترة أطول مما يجعلها علاجا فعالا للسمنة عند استخدامه جنبا إلى جنب مع نظام غذائي صحي وممارسة التمارين الرياضية بانتظام.','images/img65.webp','2025-05-02 15:16:52',2,2,1,11),(66,'نتنياهو والجيش الإسرائيلي.. خلاف بشأن \"هدف حرب غزة الأساسي\"','كشف بيان للجيش الإسرائيلي عن \"خلاف في الأولويات\" مع رئيس الوزراء بنيامين نتنياهو، بشأن أهداف حرب غزة.\r\n\r\nوقال الجيش الإسرائيلي في بيان، الجمعة، إن هدفه الأهم من الحرب هو إعادة 59 رهينة لا يزالوا محتجزين في قطاع غزة.\r\n\r\nوأضاف الجيش: \"المهمة الأسمى التي يتعامل معها الجيش هي واجبنا الأخلاقي بإعادة الرهائن. المهمة الثانية هي هزيمة حماس. نحن نعمل على تحقيق كلا الهدفين، مع وضع إعادة الرهائن على رأس قائمة أولوياتنا\".\r\n\r\nوالبيان يعكس موقفا مغايرا لنتنياهو، الذي صرح الخميس أن \"الانتصار على حماس، وليس إعادة الرهائن، هو الهدف الأسمى للحرب في غزة\".\r\n\r\nوقال نتنياهو: \"نريد أن نعيد الأحياء والقتلى على حد سواء. هذه مهمة بالغة الأهمية، لكن في الحرب هناك هدف أسمى وهو الانتصار على أعدائنا، وسنحققه\".\r\n\r\nوطالما اتهم أقارب الرهائن نتنياهو بتعريض حياة ذويهم للخطر، بقرار استئناف الهجوم العسكري على قطاع غزة.\r\n\r\nويعتقد أن هناك 59 رهينة إسرائيلي لا يزالوا محتجزين داخل قطاع غزة، من بينهم 24 فقط على قيد الحياة، وفق تقديرات إسرائيلية.\r\n\r\nوحتى الآن فشلت جهود الوساطة في وضع حد للحرب الدامية على غزة، التي أدت حتى الآن إلى مقتل أكثر من 52 ألف فلسطيني وفق سلطات الصحة في القطاع.','images/img66.webp','2025-05-02 15:22:43',1,2,1,4),(69,'برونو فيرنانديز يعادل رقم كريستيانو رونالدو!','توّج اليوم الجمعة الدولي البرتغالي برونو فيرنانديز لاعب مانشستر يونايتد بجائزة السير مات باسبي لـلاعب الــعــام.\r\nوقدّم فيرنانديز (30 عاماً) موسماً جيداً مع فريقه (شارك في 38 هدفاً خلال 54 مباراة حيث أنه سجل 19 هدفاً وقدّم 19 تمريرة حاسمة) رغم سوء النتائج التي رافقت مانشستر يونايتد (يحتل المركز 16 في الدوري الإنجليزي الممتاز) الذي سيواجه توتنهام في نهائي الدوري الأوروبي.  \r\n\r\nونجح فيرنانديز في الظفر بهذه الجائزة سنوات 2020 و2021 و2024 و2025 معادلاً رقم مواطنه النجم كريستيانو رونالدو (2004 و2007 و2008 و2022) وكذلك الحارس الإسباني السابق للفريق الإنجليزي ديفيد دي خيا (2014 و2015 و2016 و2018).\r\n\r\nوتمنح جائزة السير مات باسبي لأفضل لاعب في العام في فريق مانشستر يونايتد ويتم اختيار اللاعب المتوج من خلال تصويت جماهير الفريق.\r\n\r\nوأشرف السير مات باسبي على تدريب مانشستر يونايتد بين سنتي 1945 و1969 ثم عاد مرّة ثانية لقيادة الفريق في 1970 و1971.','images/img69.png','2025-05-16 20:47:08',4,2,1,10),(72,'القمة العربية في بغداد.. أبرز تصريحات القادة والزعماء','انطلقت، السبت، في العاصمة العراقية بغداد، أعمال القمة العربية الرابعة والثلاثين بمشاركة عدد من القادة والزعماء العرب فضلا عن ممثلين لعدد من الهيئات والمنظمات الدولية.\r\n\r\nوسلمت البحرين للعراق رئاسة الدورة 34 للقمة العربية، فيما قال وزير الخارجية البحريني عبد اللطيف بن راشد الزياني، في كلمته قبيل تسليم الرئاسة إن بلاده تدعم &quot;خطة التعافي المبكر لإعادة إعمار غزة ووقف إطلاق النار وإدخال المساعدات&quot;.\r\n\r\nكما عبّر الزياني عن ترحيبه &quot;بخطوة رفع العقوبات الأميركية عن سوريا&quot;.\r\n\r\nالعراق يشدد على رفض العدوان المستمر على غزة\r\n\r\nقال الرئيس العراقي، عبد اللطيف رشيد، إن بلاده ترفض سياسات الإملاءات والتدخلات الخارجية بما يمس بمصالح وسيادة وأمن الدول العربية.\r\n\r\nوأضاف رشيد أن الشعب الفلسطيني يتعرض لعمليات إبادة جماعية ممنهجة تهدف لتصفية الوجود الفلسطيني من أراضيه، مؤكدا دعم حقوق الشعب الفلسطيني ورفض جميع محاولات التهجير تحت أي مسمى.\r\n\r\nكما أكد رئيس الوزراء العراقي محمد شياع السوداني، على رفض &quot;العدوان المستمر على غزة&quot;، منددا بأشكال التهجير القسري للشعب الفلسطيني.\r\n\r\nودان السوداني استمرار الانتهاكات المتكررة لسيادة لبنان، ورحب برفع العقوبات عن سوريا، فيما أكد وقوف العراق بجانب اليمن ووحدته.\r\n\r\nوشدد السوداني، على ترحيب بلاده بالمفاوضات الجارية بين الولايات المتحدة وإيران بشأن البرنامج النووي الإيراني.\r\n\r\nوأشار السوداني إلى &quot;رفض أي هيمنة على الأراضي السورية وندعم عملية انتقالية تحفظ حقوق كل السوريين&quot;.\r\n\r\nوثمّن السوداني في كلمته: &quot;رفع العقوبات عن سوريا&quot;.','images/img72.webp','2025-05-17 14:41:09',1,NULL,1,69),(75,'دوناروما يوضح أسباب تطور باريس سان جيرمان بعد رحيل النجوم','ونجح باريس سان جيرمان في الوصول إلى نهائي دوري أبطال أوروبا للمرة الأولى منذ 2020 وذلك عقب تجاوزه آرسنال الإنجليزي في نصف النهائي بالفوز عليه ذهاباً 1-0 وإياباً 2-1.\r\n\r\nوقال دوناروما الذي أسهم بشكل مباشر في وصول باريس سان جيرمان إلى النهائي: &quot;الروح تغيّرت، نلعب من أجل بعضنا البعض&quot;، مؤكداً أنّ الفريق أصبح أكثر تماسكاً.\r\n\r\nوشكك العديد من المحللين في بداية الموسم بإمكانية تأهل باريس سان جيرمان إلى نهائي دوري أبطال أوروبا إثر مغادرة نجم الفريق كيليان مبابي إلى ريال مدريد لكن بطل فرنسا انتفض منذ بداية العام الحالي وأصبح من بين أبرز المرشحين للفوز باللقب.\r\n\r\nوقال دوناروما: &quot;نفتقد مبابي، هو واحد من الأفضل في العالم، أتمنى له التوفيق، هو صديق رائع&quot;.\r\n\r\nمضيفاً: &quot;الفريق متحد جداً، ننجح معاً في الملعب، فازت إيطاليا ببطولة أمم أوروبا بهذه الطريقة، هذا يُحدث الفارق في كل فريق&quot;.\r\n\r\nولم يتمكن باريس سان جيرمان من الوصول إلى النهائي في الفترة التي ضمّ بها الأرجنتيني ليونيل ميسي بين 2021 و2023.\r\n\r\nوتظهر الأرقام أنّ باريس سان جيرمان تحسّن حتى من الناحية التهديفية بعد رحيل مبابي، خاصة وأنّه بات يمتلك العديد من مفاتيح اللعب مثل المغربي أشرف حكيمي والجورجي كفاراتسخيليا وعثمان ديمبيلي.','images/img75.jpg','2025-05-19 10:14:17',4,NULL,1,4);
/*!40000 ALTER TABLE `news` ENABLE KEYS */;
UNLOCK TABLES;

--
-- Table structure for table `users`
--

DROP TABLE IF EXISTS `users`;
/*!40101 SET @saved_cs_client     = @@character_set_client */;
/*!50503 SET character_set_client = utf8mb4 */;
CREATE TABLE `users` (
  `id` int(11) NOT NULL AUTO_INCREMENT,
  `name` varchar(100) NOT NULL,
  `email` varchar(100) NOT NULL,
  `password` varchar(255) NOT NULL,
  `role` varchar(10) NOT NULL,
  PRIMARY KEY (`id`),
  UNIQUE KEY `email` (`email`),
  UNIQUE KEY `unique_email` (`email`),
  CONSTRAINT `CONSTRAINT_1` CHECK (`role` in ('author','editor','admin'))
) ENGINE=InnoDB AUTO_INCREMENT=28 DEFAULT CHARSET=utf8mb4 COLLATE=utf8mb4_general_ci;
/*!40101 SET character_set_client = @saved_cs_client */;

--
-- Dumping data for table `users`
--

LOCK TABLES `users` WRITE;
/*!40000 ALTER TABLE `users` DISABLE KEYS */;
INSERT INTO `users` VALUES (2,'باسل فارس اشريتح','b@example.com','$2y$10$A8vsEAjL/FJ/QnTVJAZgVuEm/5bdoqltLoVnutOLOSf8n/ZhRFGcq','author'),(9,'عمر مراد شريف','o@example.com','$2y$10$A8vsEAjL/FJ/QnTVJAZgVuEm/5bdoqltLoVnutOLOSf8n/ZhRFGcq','admin'),(10,'احمد خالد مراد','mm@example.com','$2y$10$A8vsEAjL/FJ/QnTVJAZgVuEm/5bdoqltLoVnutOLOSf8n/ZhRFGcq','editor'),(11,'محمود احمد','m@example.com','$2y$10$A8vsEAjL/FJ/QnTVJAZgVuEm/5bdoqltLoVnutOLOSf8n/ZhRFGcq','admin'),(25,'محمد اسحاق معاذ','ms@example.com','$2y$10$A8vsEAjL/FJ/QnTVJAZgVuEm/5bdoqltLoVnutOLOSf8n/ZhRFGcq','author');
/*!40000 ALTER TABLE `users` ENABLE KEYS */;
UNLOCK TABLES;

--
-- Dumping routines for database 'newswebsite'
--
/*!40103 SET TIME_ZONE=@OLD_TIME_ZONE */;

/*!40101 SET SQL_MODE=@OLD_SQL_MODE */;
/*!40014 SET FOREIGN_KEY_CHECKS=@OLD_FOREIGN_KEY_CHECKS */;
/*!40014 SET UNIQUE_CHECKS=@OLD_UNIQUE_CHECKS */;
/*!40101 SET CHARACTER_SET_CLIENT=@OLD_CHARACTER_SET_CLIENT */;
/*!40101 SET CHARACTER_SET_RESULTS=@OLD_CHARACTER_SET_RESULTS */;
/*!40101 SET COLLATION_CONNECTION=@OLD_COLLATION_CONNECTION */;
/*!40111 SET SQL_NOTES=@OLD_SQL_NOTES */;

-- Dump completed on 2025-05-19 10:57:17
